narration,amount,date
payment to subway for takeout ref#1299,80.0,2026-02-28
spotify purchase movie tickets,73.4,2026-02-08
home depot - shoes ref#1787,400.0,2026-02-24
albertsons purchase produce,71.11,2026-02-25
delivery at mcdonalds,46.59,2026-02-18
ubereats - coffee,29.49,2026-02-10
walmart wipes,85.79,2026-02-22
chevron fuel,48.82,2026-02-19
metro transit pass,45.33,2026-02-07
subway purchase dinner,36.57,2026-02-19
prescription pickup at cvs pharmacy,362.68,2026-02-24
payment to trader joes for deli,124.53,2026-02-12
payment to target for clothing ref#1140,245.58,2026-02-24
furniture at amazon ref#3581,264.53,2026-02-13
parking fee at metro ref#1643,63.27,2026-02-10
publix purchase grocery,225.27,2026-02-25
spectrum purchase phone service,226.53,2026-02-27
prescription pickup at dr smith clinic ref#4073,144.21,2026-02-10
payment to rite aid for prescription pickup ref#1940,305.3,2026-02-02
payment to electric company for bill payment,220.84,2026-02-12
bakery at walmart ref#4005,167.36,2026-02-01
payment to whole foods for bakery,100.51,2026-02-18
produce at walmart,198.6,2026-02-19
payment to verizon for monthly service ref#3064,141.68,2026-02-13
payment to netflix for monthly subscription ref#5480,41.36,2026-02-26
walmart - stroller,87.75,2026-02-16
kroger - meat department ref#4100,192.45,2026-02-25
cvs pharmacy purchase copay,226.88,2026-02-06
bill payment at att,186.39,2026-02-06
payment to verizon for bill payment,207.42,2026-02-26
dr smith clinic - lab work,239.51,2026-03-01
payment to whole foods for produce ref#6393,203.64,2026-02-19
pizza hut - takeout ref#4864,58.63,2026-02-18
wire transfer 2527,427.88,2026-02-27
olive garden purchase lunch ref#5790,38.54,2026-02-07
olive garden purchase dinner,34.92,2026-02-25
pizza hut delivery,27.34,2026-02-03
subway purchase delivery,49.54,2026-02-06
payment to netflix for game purchase ref#3637,150.0,2026-02-15
doordash - lunch,56.06,2026-02-01
payment to subway for lunch ref#5460,33.29,2026-02-28
movie tickets at netflix ref#9408,90.26,2026-02-02
hulu streaming service ref#1971,62.92,2026-02-15
produce at whole foods ref#8315,82.09,2026-02-07
walmart wipes,35.56,2026-02-02
olive garden coffee,23.35,2026-02-10
costco purchase bakery,250.0,2026-02-12
parking garage purchase toll,30.3,2026-02-16
verizon - internet,160.57,2026-02-26
payment to walgreens for checkup,199.64,2026-02-28
ubereats - delivery,41.41,2026-02-28
lyft fuel,66.07,2026-02-27
payment to rite aid for checkup,317.99,2026-02-14
netflix - monthly subscription,98.44,2026-02-09
payment to metro for toll,58.66,2026-02-16
check deposit # 7297,31.27,2026-02-05
payment to spotify for concert tickets ref#9924,58.16,2026-02-15
whole foods - meat department,180.32,2026-03-02
deli at publix ref#2114,129.86,2026-03-01
wire transfer 9829,154.18,2026-02-05
whole foods - meat department,88.18,2026-02-24
payment to comcast for monthly service,100.08,2026-02-15
monthly service at spectrum ref#5831,228.56,2026-02-24
chevron purchase gas,46.23,2026-02-05
takeout at ubereats,39.17,2026-02-17
cable at electric company,300.0,2026-02-19
cash deposit 3859,476.69,2026-02-19
taxi - toll,31.06,2026-02-18
electric company - cable,245.34,2026-02-14
payment to publix for bread milk eggs,122.02,2026-02-28
ride to at taxi,92.52,2026-02-03
trader joes weekly shopping ref#3071,96.97,2026-02-14
kroger bakery,193.22,2026-02-16
movie tickets at playstation ref#2263,68.38,2026-02-02
bp purchase ride to,61.52,2026-02-18
walgreens purchase checkup ref#7003,168.77,2026-02-22
costco purchase weekly shopping,117.19,2026-02-22
doordash - dinner,43.24,2026-02-03
costco purchase bread milk eggs ref#5056,127.95,2026-02-10
whole foods grocery,250.0,2026-02-21
cvs pharmacy - checkup,165.75,2026-02-02
hospital - copay,411.57,2026-02-23
subway delivery ref#4309,24.31,2026-03-01
payment to albertsons for deli,250.0,2026-02-01
payment to concert venue for movie tickets,49.41,2026-02-05
produce at kroger ref#5569,128.07,2026-02-28
payment to doordash for breakfast ref#3473,59.48,2026-02-10
coffee at starbucks,18.94,2026-02-03
payment to chipotle for takeout,22.84,2026-02-08
concert venue movie tickets,61.54,2026-02-02
bp purchase transit pass,29.83,2026-02-07
gas at chevron ref#1389,59.69,2026-02-17
payment to dental office for x-ray,327.73,2026-02-19
meat department at walmart,86.36,2026-02-01
concert venue monthly subscription,61.7,2026-02-14
safeway purchase grocery,107.96,2026-02-01
metro purchase ride to,99.67,2026-02-25
payment to parking garage for ride to ref#7728,62.18,2026-02-22
payment to verizon for phone service,211.92,2026-02-09
costco bread milk eggs,157.16,2026-02-16
payment to amc theaters for monthly subscription,89.83,2026-02-18
costco - bread milk eggs,58.79,2026-02-03
disney plus purchase streaming service ref#5073,139.33,2026-02-23
prescription pickup at rite aid,316.39,2026-02-19
payment to pizza hut for breakfast,44.6,2026-02-23
urgent care consultation fee,175.98,2026-02-10
toll at shell,73.83,2026-02-10
payment to comcast for monthly service,64.17,2026-02-25
ubereats purchase delivery ref#2959,55.34,2026-02-13
payment to netflix for monthly subscription,56.15,2026-02-22
payment to acme corp 1592,83.51,2026-02-22
nordstrom home goods,145.12,2026-02-18
mobile deposit 7175,444.85,2026-02-20
payment to spotify for concert tickets ref#4065,100.76,2026-02-22
parking fee at bp,94.74,2026-02-13
weekly shopping at kroger ref#4298,76.16,2026-03-02
cash deposit 1006,467.04,2026-02-28
albertsons weekly shopping,50.15,2026-02-25
payment to dr smith clinic for consultation fee ref#1503,459.54,2026-03-01
wire transfer 9681,50.68,2026-02-28
payment to chipotle for takeout,49.75,2026-02-05
hospital purchase checkup,154.87,2026-02-07
check deposit # 1959,260.29,2026-02-20
cvs pharmacy checkup,500.0,2026-02-15
grocery at walmart,197.43,2026-02-09
home depot - home goods,400.0,2026-02-07
payment to verizon for phone service,107.27,2026-02-12
trader joes purchase weekly shopping,250.0,2026-02-05
walgreens medicine,500.0,2026-02-28
doordash coffee,61.05,2026-02-11
buybuybaby crib ref#8986,78.98,2026-02-06
metro purchase toll,29.01,2026-02-08
payment to costco for produce,137.84,2026-02-24
publix - produce,250.0,2026-02-20
streaming service at spotify,150.0,2026-02-06
bp - toll ref#3640,38.3,2026-02-13
coffee at chipotle ref#5071,42.07,2026-03-02
bp ride to,53.69,2026-03-01
disney plus - game purchase ref#8408,81.01,2026-02-03
lyft purchase gas,42.34,2026-02-24
hulu streaming service,90.41,2026-02-22
breakfast at mcdonalds,48.53,2026-02-09
payment to bp for ride to,96.55,2026-02-15
amc theaters movie tickets ref#2576,150.0,2026-02-13
chevron purchase gas ref#2038,40.46,2026-02-27
best buy home goods,193.08,2026-03-02
breakfast at pizza hut,73.52,2026-02-03
macys home goods,400.0,2026-02-25
payment to metro for parking fee ref#5985,61.75,2026-02-04
parking garage toll ref#6126,92.84,2026-02-20
payment to nike for home goods ref#4157,246.44,2026-02-12
payment to acme corp 1237,38.63,2026-02-22
dinner at pizza hut,43.65,2026-02-21
whole foods deli,211.2,2026-02-09
payment to buybuybaby for bottles,130.52,2026-02-08
rite aid purchase checkup,291.42,2026-02-12
electric company purchase phone service,300.0,2026-02-19
taxi - gas ref#8438,100.0,2026-02-17
dinner at starbucks,34.71,2026-02-16
monthly subscription at netflix,124.93,2026-02-21
medicine at walgreens ref#4611,500.0,2026-02-13
concert venue purchase movie tickets,69.28,2026-02-07
ubereats purchase breakfast,80.0,2026-02-01
cvs pharmacy purchase consultation fee ref#9189,436.82,2026-02-07
monthly subscription at spotify,69.5,2026-02-15
bakery at trader joes,130.5,2026-02-22
dinner at olive garden,24.75,2026-02-23
whole foods purchase produce,110.5,2026-02-16
doordash - dinner,35.87,2026-02-08
electric company internet,233.98,2026-02-15
playstation - streaming service,20.55,2026-02-17
spotify - concert tickets,150.0,2026-02-27
shell purchase fuel,76.09,2026-02-26
walmart weekly shopping,170.07,2026-02-27
cash deposit 7763,217.86,2026-02-28
olive garden - takeout,26.62,2026-02-16
payment to cvs pharmacy for x-ray,244.53,2026-02-18
delivery at mcdonalds,32.59,2026-02-09
urgent care - prescription pickup,222.55,2026-02-26
online order at best buy,358.31,2026-02-17
whole foods grocery,250.0,2026-02-12
payment to pizza hut for takeout ref#7112,57.5,2026-02-28
bread milk eggs at kroger,119.95,2026-02-09
home depot clothing,326.48,2026-02-23
kroger purchase grocery,250.0,2026-02-21
payment to doordash for coffee,35.31,2026-02-18
taxi purchase fuel,84.71,2026-02-20
water company - bill payment ref#6650,235.84,2026-02-19
payment to spotify for movie tickets,101.55,2026-03-01
payment to doordash for delivery ref#1507,38.01,2026-02-09
payment to dental office for medicine ref#3638,163.69,2026-02-27
albertsons deli,154.23,2026-02-25
playstation game purchase ref#9880,56.72,2026-02-16
metro - toll,45.28,2026-02-19
rite aid x-ray ref#6767,284.75,2026-02-22
mcdonalds purchase breakfast,28.91,2026-02-28
dental office - checkup,448.69,2026-02-25
payment to nordstrom for electronics,400.0,2026-02-03
payment to safeway for deli ref#3895,109.01,2026-02-15
kroger purchase bread milk eggs,250.0,2026-02-16
payment to dr smith clinic for checkup,216.48,2026-02-15
albertsons bakery,85.59,2026-02-11
amc theaters purchase game purchase,56.91,2026-02-28
safeway - produce,160.07,2026-02-02
payment to chipotle for lunch,80.0,2026-02-06
check deposit # 8395,173.11,2026-02-08
amc theaters purchase game purchase,78.66,2026-02-24
onesie at babies r us,31.54,2026-02-02
netflix purchase concert tickets,51.09,2026-02-02
electronics at ikea ref#7998,123.8,2026-02-12
target purchase onesie,40.53,2026-02-16
subway takeout ref#7874,48.61,2026-02-18
subway - takeout,24.94,2026-02-06
concert venue purchase monthly subscription,67.08,2026-03-02
deli at publix,90.12,2026-02-07
verizon purchase phone service ref#9141,110.13,2026-02-03
publix - bread milk eggs,104.03,2026-02-11
pg&e internet,177.27,2026-02-05
olive garden - dinner,44.99,2026-02-09
takeout at chipotle,69.53,2026-02-14
att - bill payment,70.58,2026-02-20
payment to dr smith clinic for x-ray,461.92,2026-02-06
water company cable,111.88,2026-02-27
olive garden - takeout,9.05,2026-02-07
starbucks purchase takeout,64.13,2026-02-20
nordstrom - electronics,213.02,2026-02-02
spotify purchase concert tickets,66.91,2026-02-01
bill payment at water company,132.47,2026-02-16
metro transit pass,31.75,2026-02-07
safeway purchase meat department ref#1494,161.63,2026-02-07
payment to disney plus for concert tickets,88.34,2026-02-25
olive garden purchase delivery,80.0,2026-02-17
bill payment at verizon ref#8642,182.67,2026-02-17
dinner at mcdonalds ref#9872,37.87,2026-02-26
shell purchase toll,50.44,2026-02-21
nordstrom purchase home goods,354.29,2026-02-19
payment to buybuybaby for wipes,150.0,2026-02-11
coffee at doordash,46.27,2026-02-22
pizza hut - breakfast,29.06,2026-02-02
walmart - deli,106.21,2026-02-04
payment to pizza hut for breakfast,29.22,2026-02-24
payment to costco for produce,83.34,2026-02-09
copay at urgent care,147.4,2026-02-18
payment to spotify for game purchase ref#2004,64.59,2026-02-02
concert tickets at playstation,139.27,2026-02-17
payment to mcdonalds for lunch,49.94,2026-02-26
payment to babies r us for pacifier,50.98,2026-02-01
wire transfer 4392,153.73,2026-02-12
walgreens purchase copay,208.81,2026-02-21
copay at dr smith clinic,135.78,2026-02-03
uber purchase gas ref#2530,64.56,2026-02-17
bread milk eggs at safeway,176.7,2026-02-12
steam monthly subscription,128.91,2026-02-18
starbucks delivery,62.4,2026-02-04
parking fee at chevron,28.7,2026-02-13
babies r us purchase pampers diapers ref#8043,150.0,2026-02-21
lyft - gas,49.5,2026-02-23
albertsons purchase deli ref#3384,175.44,2026-02-02
metro - parking fee,99.32,2026-02-07
payment to trader joes for bread milk eggs ref#8955,83.21,2026-02-06
mcdonalds purchase delivery,80.0,2026-03-02
coffee at mcdonalds,80.0,2026-03-02
pizza hut purchase delivery ref#4976,77.36,2026-02-13
shoes at nike,400.0,2026-02-25
cable at verizon ref#1609,91.5,2026-02-01
lunch at starbucks,80.0,2026-02-28
att purchase cable,140.22,2026-02-04
uber purchase gas,39.14,2026-02-28
online order at nike ref#9144,250.78,2026-02-05
albertsons produce,120.1,2026-02-25
verizon bill payment ref#4411,255.18,2026-02-11
kroger purchase deli ref#8908,250.0,2026-02-22
payment to whole foods for deli,129.15,2026-02-07
lab work at urgent care,329.93,2026-02-26
doordash - coffee,61.8,2026-02-14
olive garden purchase dinner,80.0,2026-02-02
payment to netflix for movie tickets ref#8031,93.87,2026-02-21
walmart onesie,85.03,2026-02-06
walmart - bakery ref#7004,128.37,2026-02-23
payment to amc theaters for concert tickets,71.5,2026-02-18
payment to playstation for concert tickets,55.2,2026-02-11
bread milk eggs at kroger,114.73,2026-02-20
shoes at nike,116.5,2026-02-15
concert venue - streaming service,31.78,2026-02-06
pizza hut takeout ref#7014,47.27,2026-02-05
costco - bakery,116.48,2026-02-18
playstation purchase game purchase,98.96,2026-02-02
target online order ref#1771,170.59,2026-02-22
takeout at subway ref#8265,17.1,2026-02-17
safeway purchase meat department ref#5863,215.14,2026-02-06
payment to walmart for weekly shopping ref#5107,50.0,2026-02-20
parking fee at taxi,94.28,2026-02-23
ikea - electronics,171.45,2026-02-12
takeout at ubereats,60.18,2026-02-26
whole foods meat department,142.41,2026-02-20
shell transit pass,31.83,2026-02-14
pacifier at babies r us,150.0,2026-02-28
atm withdrawal 3294,416.63,2026-02-08
fuel at bp,54.74,2026-02-09
coffee at pizza hut,74.65,2026-02-27
amc theaters - streaming service ref#1451,38.1,2026-02-27
payment to acme corp 6889,30.67,2026-02-13
albertsons weekly shopping ref#6003,168.29,2026-03-02
streaming service at playstation,75.79,2026-02-12
payment to macys for clothing,400.0,2026-02-21
payment to hulu for streaming service,150.0,2026-02-22
payment to costco for meat department ref#9518,198.69,2026-02-11
concert tickets at disney plus,65.35,2026-02-01
transit pass at taxi,72.78,2026-02-18
urgent care prescription pickup,293.84,2026-02-21
coffee at starbucks,29.79,2026-02-04
target purchase pampers diapers,99.02,2026-03-01
cable at verizon,92.5,2026-03-01
payment to concert venue for monthly subscription ref#5854,31.82,2026-02-11
rite aid - x-ray,192.56,2026-02-02
netflix purchase concert tickets ref#1246,119.91,2026-02-27
payment to olive garden for breakfast ref#7131,52.56,2026-02-23
payment to buybuybaby for bottles,90.24,2026-02-10
walmart baby food,33.77,2026-02-10
clothing at best buy,258.66,2026-02-02
ikea online order,119.85,2026-02-19
starbucks - coffee ref#5213,43.31,2026-02-07
payment to acme corp 6393,444.32,2026-02-24
ubereats purchase takeout,73.98,2026-02-15
coffee at olive garden,67.0,2026-02-25
chipotle - dinner,80.0,2026-02-06
whole foods - bakery,114.12,2026-02-01
monthly subscription at spotify ref#7033,56.56,2026-02-17
uber - ride to,64.7,2026-02-25
payment to home depot for home goods,102.55,2026-02-01
chipotle - lunch,22.52,2026-02-01
doordash - lunch,44.89,2026-02-19
whole foods - grocery,180.27,2026-02-28
safeway weekly shopping,250.0,2026-02-28
electric company internet,138.1,2026-02-26
safeway purchase bakery ref#7340,250.0,2026-02-13
payment to subway for delivery,62.93,2026-02-10
whole foods - meat department ref#4889,250.0,2026-02-10
payment to costco for meat department,250.0,2026-02-14
shell - transit pass ref#7265,30.0,2026-02-21
game purchase at concert venue ref#1126,122.86,2026-03-02
payment to verizon for monthly service,50.0,2026-03-01
formula at babies r us,53.04,2026-02-01
payment to att for phone service,156.58,2026-02-08
walmart purchase onesie,60.08,2026-02-27
publix - weekly shopping,183.85,2026-03-02
payment to babies r us for stroller,150.0,2026-02-07
parking garage - gas,39.48,2026-02-23
publix grocery,218.5,2026-02-26
amc theaters concert tickets,61.95,2026-02-15
starbucks purchase lunch ref#9783,80.0,2026-02-22
payment to amazon for clothing,400.0,2026-02-12
albertsons purchase deli ref#1501,77.85,2026-02-08
crib at babies r us ref#3104,63.65,2026-02-16
payment to walmart for wipes,116.59,2026-02-05
chipotle purchase lunch,40.07,2026-02-01
atm withdrawal 4940,247.38,2026-02-10
payment to playstation for monthly subscription,51.41,2026-02-18
doordash dinner ref#4595,70.32,2026-02-14
walmart weekly shopping,250.0,2026-02-16
dinner at starbucks,43.71,2026-02-05
transit pass at bp,22.14,2026-02-17
payment to pg&e for phone service,162.14,2026-02-09
furniture at nordstrom,120.39,2026-02-21
streaming service at spotify,25.78,2026-02-06
payment to costco for weekly shopping,224.05,2026-02-26
spectrum - bill payment,98.63,2026-02-25
nordstrom - electronics,138.71,2026-02-16
payment to trader joes for grocery,154.0,2026-02-13
pizza hut lunch,37.65,2026-02-02
amazon purchase wipes ref#8791,125.63,2026-02-22
parking garage purchase fuel,55.12,2026-02-22
olive garden breakfast,24.84,2026-02-21
disney plus purchase game purchase,150.0,2026-02-12
furniture at macys,394.79,2026-02-09
chevron purchase toll ref#2870,81.63,2026-02-23
amazon - online order,229.5,2026-02-20
doordash - lunch,52.61,2026-02-18
buybuybaby purchase bottles,53.45,2026-03-02
payment to publix for deli,176.05,2026-02-09
amc theaters game purchase,145.53,2026-02-14
payment to albertsons for grocery,85.94,2026-02-13
payment to kroger for grocery,128.73,2026-02-27
uber - gas,18.66,2026-02-23
payment to acme corp 3066,346.18,2026-02-05
taxi purchase toll,93.15,2026-02-23
bread milk eggs at kroger ref#3830,107.44,2026-02-23
venmo payment 6259,152.47,2026-02-04
payment to nordstrom for home goods ref#4402,138.78,2026-02-10
safeway weekly shopping,232.04,2026-02-10
steam - game purchase,93.25,2026-02-23
weekly shopping at albertsons,171.52,2026-02-01
olive garden dinner,60.3,2026-02-03
fuel at metro,18.7,2026-02-11
payment to mcdonalds for lunch,35.08,2026-02-26
playstation movie tickets ref#5437,73.01,2026-02-17
walmart bakery ref#8563,250.0,2026-02-01
payment to bp for ride to,71.52,2026-02-09
doordash takeout,29.72,2026-02-11
whole foods weekly shopping ref#7249,59.67,2026-02-16
electric company purchase bill payment ref#8978,174.33,2026-03-01
safeway - weekly shopping,250.0,2026-02-01
amazon - electronics,400.0,2026-02-13
produce at albertsons ref#2530,124.38,2026-02-26
subway purchase breakfast,42.89,2026-02-04
breakfast at chipotle,25.75,2026-02-05
verizon purchase internet ref#4396,189.8,2026-02-22
payment to playstation for streaming service ref#9325,150.0,2026-02-23
publix - bakery,250.0,2026-02-18
payment to walgreens for medicine,193.17,2026-02-06
costco produce,89.17,2026-02-08
transfer to john doe 6144,64.48,2026-02-04
payment to albertsons for bread milk eggs,155.54,2026-02-08
dental office purchase prescription pickup,265.81,2026-02-12
att - cable,74.47,2026-02-08
shell toll,71.27,2026-02-15
hospital - x-ray,113.89,2026-02-19
bakery at walmart,136.19,2026-02-23
starbucks dinner ref#4823,43.91,2026-02-18
nordstrom - shoes,110.01,2026-02-26
spotify - movie tickets,150.0,2026-03-02
mcdonalds lunch,14.53,2026-02-14
produce at walmart,250.0,2026-02-01
movie tickets at steam,45.52,2026-02-03
concert venue movie tickets,89.43,2026-02-07
whole foods - weekly shopping,250.0,2026-02-01
payment to shell for parking fee,26.08,2026-02-25
payment to uber for parking fee,31.14,2026-02-17
ubereats delivery,48.12,2026-02-20
macys - home goods,400.0,2026-02-20
olive garden purchase takeout,52.66,2026-02-14
bread milk eggs at trader joes ref#9277,246.4,2026-03-02
comcast bill payment,140.09,2026-02-05
lyft transit pass ref#1722,68.09,2026-02-20
delivery at olive garden ref#9778,27.89,2026-02-16
amazon shoes ref#7397,289.92,2026-02-03
parking garage - toll ref#8864,65.22,2026-02-20
payment to best buy for online order ref#4687,396.29,2026-02-07
transfer to john doe 2236,212.43,2026-02-14
payment to mcdonalds for coffee,69.13,2026-02-19
payment to trader joes for weekly shopping ref#6929,67.85,2026-03-02
doordash delivery ref#3015,20.1,2026-02-21
payment to dental office for consultation fee,369.66,2026-02-03
payment to concert venue for streaming service,44.57,2026-02-25
payment to best buy for online order,240.34,2026-02-11
subway delivery ref#5831,31.18,2026-02-10
home depot - home goods,400.0,2026-02-27
target pacifier,67.09,2026-02-06
copay at walgreens,309.69,2026-02-17
venmo payment 8314,40.57,2026-02-27
concert tickets at spotify ref#1504,62.14,2026-02-14
macys - shoes,366.99,2026-02-19
movie tickets at spotify,60.2,2026-02-25
metro - transit pass,30.02,2026-02-01
amc theaters game purchase ref#5099,52.77,2026-02-09
doordash breakfast ref#9587,19.67,2026-02-12
payment to comcast for cable,300.0,2026-03-01
playstation - game purchase ref#2251,150.0,2026-02-09
best buy - home goods,322.85,2026-02-05
takeout at mcdonalds,80.0,2026-02-01
amc theaters - movie tickets,115.39,2026-02-04
payment to metro for transit pass ref#3878,100.0,2026-02-15
amazon purchase electronics,189.02,2026-03-01
payment to taxi for fuel ref#8006,42.74,2026-02-04
payment to lyft for transit pass,86.84,2026-02-14
nike purchase electronics,291.69,2026-02-19
ubereats - dinner,65.58,2026-02-27
payment to costco for deli ref#1433,134.13,2026-02-19
payment to acme corp 2387,127.39,2026-02-08
costco purchase deli,169.67,2026-02-17
netflix - movie tickets,121.69,2026-02-11
whole foods produce,87.93,2026-02-13
payment to target for formula,119.14,2026-02-11
payment to nike for online order ref#3950,202.38,2026-02-10
att - monthly service,82.2,2026-02-24
comcast - cable,95.46,2026-02-03
pizza hut delivery,64.5,2026-02-02
produce at trader joes ref#3855,180.52,2026-02-20
payment to target for baby lotion,145.79,2026-02-01
mcdonalds dinner,23.68,2026-02-17
shell purchase toll,100.0,2026-02-10
payment to ubereats for lunch,16.79,2026-02-07
urgent care medicine,220.84,2026-02-01
spectrum cable,300.0,2026-02-20
pampers diapers at buybuybaby ref#8132,150.0,2026-02-06
bakery at costco,198.69,2026-02-07
spectrum purchase bill payment ref#6243,248.21,2026-02-14
payment to disney plus for game purchase,45.47,2026-02-07
chevron purchase toll,96.71,2026-02-17
walmart purchase weekly shopping ref#5278,231.9,2026-02-17
trader joes grocery,170.23,2026-02-24
payment to ubereats for lunch,32.29,2026-02-02
mcdonalds dinner,39.35,2026-02-07
comcast internet,149.21,2026-02-01
pizza hut coffee,36.53,2026-02-21
bp parking fee ref#5384,56.88,2026-02-05
lyft purchase toll ref#8538,25.77,2026-02-23
lunch at starbucks,36.35,2026-02-12
wire transfer 6989,484.41,2026-02-04
dinner at starbucks,80.0,2026-02-11
mcdonalds - takeout,70.9,2026-02-16
subway delivery ref#9459,54.49,2026-02-16
payment to safeway for meat department,82.16,2026-02-03
amc theaters - movie tickets ref#3464,53.75,2026-02-20
home goods at nike,377.66,2026-02-16
playstation movie tickets,132.15,2026-02-14
babies r us purchase baby lotion,150.0,2026-02-03
payment to playstation for monthly subscription,51.18,2026-02-07
playstation game purchase ref#8587,150.0,2026-02-14
publix - deli,129.64,2026-02-08
payment to amazon for wipes ref#6949,133.16,2026-03-02
whole foods grocery ref#6049,120.45,2026-02-26
playstation movie tickets ref#6479,42.74,2026-02-27
metro parking fee ref#6797,100.0,2026-02-26
lyft purchase toll,79.3,2026-02-20
shoes at amazon,249.02,2026-02-09
grocery at costco,103.03,2026-02-09
spectrum purchase bill payment ref#6107,123.62,2026-02-07
pizza hut - lunch ref#3104,67.34,2026-02-13
payment to costco for deli,250.0,2026-02-14
delivery at starbucks,69.26,2026-02-04
kroger - grocery ref#9189,228.21,2026-02-20
kroger bread milk eggs,127.12,2026-02-21
kroger - weekly shopping,153.71,2026-02-08
venmo payment 8285,179.01,2026-02-22
uber gas,92.6,2026-02-09
trader joes purchase bakery,80.28,2026-02-02
bottles at babies r us,108.02,2026-02-13
concert venue - monthly subscription,150.0,2026-02-26
electronics at best buy,165.64,2026-02-01
prescription pickup at hospital,107.9,2026-02-08
target online order ref#9268,400.0,2026-02-16
att purchase internet,97.82,2026-02-23
costco meat department ref#5592,73.38,2026-02-06
delivery at starbucks ref#7938,21.57,2026-02-11
payment to disney plus for movie tickets,29.66,2026-02-10
amazon purchase home goods,119.69,2026-02-27
urgent care - checkup,406.51,2026-02-28
water company - cable ref#7093,175.29,2026-02-07
payment to electric company for phone service,104.72,2026-02-11
metro purchase toll,38.94,2026-02-25
baby lotion at amazon,78.05,2026-02-12
kroger purchase deli,191.91,2026-03-01
albertsons weekly shopping ref#4500,109.9,2026-02-27
olive garden purchase delivery,14.68,2026-02-23
publix - bakery ref#1613,113.52,2026-02-02
parking fee at taxi,71.13,2026-02-20
playstation game purchase,145.43,2026-03-01
payment to lyft for parking fee ref#4918,26.9,2026-02-03
movie tickets at disney plus,50.03,2026-02-23
mcdonalds lunch,46.67,2026-02-17
ubereats coffee,64.79,2026-03-01
payment to pg&e for bill payment ref#2140,131.8,2026-02-22
payment to taxi for fuel,99.59,2026-03-01
check deposit # 3292,254.0,2026-02-06
chipotle - lunch,33.56,2026-02-02
mcdonalds - breakfast,36.96,2026-02-14
ikea purchase clothing,334.78,2026-02-05
payment to urgent care for consultation fee,339.36,2026-02-21
electric company - bill payment,300.0,2026-02-13
payment to nordstrom for online order,313.19,2026-02-10
mcdonalds purchase delivery,80.0,2026-02-07
spotify streaming service,47.15,2026-02-26
gas at bp,36.89,2026-02-12
nordstrom purchase furniture ref#4002,175.32,2026-02-19
shell - toll,46.81,2026-02-27
payment to babies r us for baby lotion ref#5485,129.85,2026-02-09
ubereats - coffee,80.0,2026-02-08
best buy - furniture,140.72,2026-02-13
payment to albertsons for produce ref#1958,152.96,2026-03-02
kroger purchase produce ref#4878,71.35,2026-02-04
uber purchase gas,32.75,2026-02-07
payment to hulu for monthly subscription,71.45,2026-02-02
whole foods grocery,127.15,2026-02-07
walmart baby lotion ref#1202,141.98,2026-02-08
bill payment at electric company ref#3232,300.0,2026-02-10
onesie at walmart ref#6330,141.98,2026-02-10
safeway purchase bread milk eggs ref#8644,99.61,2026-02-22
transfer to john doe 6000,305.51,2026-02-19
water company internet ref#5618,271.65,2026-02-13
electronics at home depot,279.79,2026-03-02
payment to safeway for bread milk eggs,250.0,2026-02-13
transit pass at taxi ref#6160,71.84,2026-02-27
home depot purchase furniture,267.51,2026-02-15
playstation - concert tickets,73.61,2026-02-01
dental office x-ray,288.65,2026-03-01
coffee at mcdonalds,80.0,2026-02-16
walmart purchase weekly shopping,117.29,2026-02-18
payment to mcdonalds for lunch,80.0,2026-03-01
payment to albertsons for meat department,113.25,2026-02-03
ride to at chevron ref#8692,11.77,2026-02-22
produce at safeway,88.52,2026-02-09
buybuybaby crib,150.0,2026-02-13
grocery at safeway ref#7174,250.0,2026-02-28
metro purchase toll,42.53,2026-02-03
costco produce,151.77,2026-02-12
coffee at pizza hut,23.65,2026-02-21
verizon purchase internet,169.0,2026-02-23
shell - ride to,97.64,2026-02-20
starbucks purchase breakfast,31.99,2026-02-05
check deposit # 8769,333.63,2026-02-01
subway breakfast,63.46,2026-02-27
bp purchase ride to ref#2407,42.85,2026-02-07
payment to pizza hut for dinner ref#7404,58.04,2026-02-16
payment to spectrum for monthly service,221.66,2026-02-05
buybuybaby purchase stroller,41.68,2026-02-24
wipes at amazon,101.84,2026-02-28
chipotle purchase coffee,40.51,2026-02-01
nordstrom purchase shoes,108.82,2026-02-12
dental office - lab work,378.58,2026-02-07
check deposit # 9364,31.51,2026-02-17
bread milk eggs at publix,118.8,2026-02-01
dr smith clinic purchase x-ray,318.67,2026-02-13
macys - electronics,193.93,2026-02-19
stroller at walmart ref#3650,47.63,2026-03-02
venmo payment 1326,176.25,2026-02-19
monthly subscription at concert venue,68.93,2026-02-27
wire transfer 6617,269.55,2026-02-26
steam - movie tickets,64.72,2026-02-02
doordash purchase dinner,30.9,2026-02-02
uber - transit pass,100.0,2026-02-14
bakery at whole foods,168.37,2026-02-09
ikea - furniture ref#9503,189.89,2026-03-02
amc theaters - movie tickets ref#6238,136.33,2026-02-17
payment to steam for concert tickets,75.04,2026-02-18
olive garden - takeout,27.25,2026-02-06
payment to steam for monthly subscription ref#5294,92.31,2026-02-21
check deposit # 8755,397.84,2026-02-02
amazon - bottles ref#1254,110.25,2026-02-15
bread milk eggs at albertsons,246.47,2026-02-22
electronics at macys,400.0,2026-02-03
walgreens - prescription pickup,232.13,2026-02-02
babies r us - baby lotion ref#6033,150.0,2026-02-04
home depot purchase clothing,400.0,2026-02-27
trader joes produce,167.32,2026-02-01
walmart weekly shopping,32.65,2026-02-10
online order at nike ref#7910,290.66,2026-02-23
lab work at rite aid ref#8961,255.66,2026-02-26
bakery at costco,159.68,2026-02-17
bill payment at verizon ref#8570,88.98,2026-02-21
pg&e purchase internet,126.54,2026-02-03
ubereats - lunch,43.54,2026-02-02
best buy - home goods,239.33,2026-02-12
water company purchase internet ref#3495,300.0,2026-02-05
ikea purchase home goods ref#6574,231.86,2026-02-12
spectrum internet ref#4902,113.74,2026-02-10
payment to pg&e for phone service ref#8310,300.0,2026-02-18
grocery at walmart ref#3005,150.24,2026-02-01
venmo payment 5013,472.44,2026-02-07
whole foods weekly shopping ref#8135,109.99,2026-02-25
costco - weekly shopping,119.25,2026-02-05
payment to whole foods for weekly shopping,115.11,2026-02-23
urgent care purchase copay,184.26,2026-02-07
concert tickets at netflix,81.28,2026-02-18
netflix purchase monthly subscription,150.0,2026-02-18
home depot - home goods,230.63,2026-02-15
walmart grocery,200.11,2026-02-11
doordash lunch,40.94,2026-02-24
target purchase shoes,196.26,2026-03-02
toll at shell,100.0,2026-02-10
payment to acme corp 3455,359.61,2026-02-01
payment to spotify for movie tickets ref#5770,50.59,2026-03-01
online order at target,202.04,2026-02-09
walmart - bread milk eggs ref#9015,250.0,2026-02-18
uber - toll,60.7,2026-02-25
lunch at doordash,45.1,2026-02-09
monthly service at electric company,215.13,2026-03-02
payment to uber for parking fee ref#4562,43.01,2026-02-17
hospital checkup ref#5610,104.65,2026-02-21
electronics at macys,119.27,2026-02-17
babies r us baby food ref#2135,91.78,2026-02-14
olive garden coffee,27.78,2026-02-02
mcdonalds breakfast,29.23,2026-02-05
amazon purchase pacifier,56.61,2026-02-12
starbucks purchase lunch,80.0,2026-02-10
coffee at chipotle,37.73,2026-02-24
payment to trader joes for deli ref#3230,134.61,2026-03-01
best buy purchase clothing ref#5278,265.09,2026-02-24
streaming service at concert venue,40.16,2026-02-28
albertsons purchase weekly shopping,59.18,2026-02-03
bakery at albertsons,250.0,2026-02-08
amazon purchase wipes,51.96,2026-02-06
nike purchase home goods,127.28,2026-02-12
walmart purchase bakery ref#6789,250.0,2026-02-27
home depot - online order,204.33,2026-02-12
water company phone service,300.0,2026-02-24
starbucks purchase breakfast,37.51,2026-02-14
ubereats delivery,80.0,2026-02-26
rite aid - copay ref#9548,499.21,2026-02-07
nike electronics,354.44,2026-02-28
parking fee at parking garage,77.86,2026-02-21
wire transfer 3349,155.31,2026-02-26
payment to playstation for monthly subscription,103.27,2026-03-01
payment to kroger for deli,71.32,2026-02-23
payment to spotify for movie tickets,47.97,2026-02-22
produce at kroger,220.4,2026-02-28
payment to costco for bakery,210.01,2026-03-01
ikea shoes ref#3196,160.76,2026-02-26
hospital - medicine,388.54,2026-02-08
cvs pharmacy purchase x-ray,500.0,2026-02-04
disney plus concert tickets,69.39,2026-02-06
starbucks breakfast,25.84,2026-02-16
mcdonalds - coffee,30.92,2026-02-12
rite aid purchase lab work,354.0,2026-02-11
meat department at publix,68.23,2026-02-02
shell - parking fee,29.52,2026-02-17
deli at walmart ref#1668,118.83,2026-02-20
olive garden purchase takeout,27.17,2026-02-25
furniture at home depot,107.87,2026-02-03
x-ray at rite aid,479.94,2026-02-23
hulu - concert tickets,18.66,2026-02-25
toll at uber ref#2884,53.52,2026-02-13
netflix - movie tickets ref#7809,30.22,2026-02-01
bread milk eggs at safeway,83.52,2026-02-15
monthly service at comcast,213.57,2026-02-19
delivery at ubereats,45.16,2026-02-05
kroger - weekly shopping,149.85,2026-02-05
grocery at kroger,74.73,2026-03-01
coffee at starbucks,15.93,2026-02-25
payment to rite aid for copay ref#3248,277.92,2026-02-24
crib at target,150.0,2026-02-03
payment to starbucks for breakfast,51.55,2026-02-28
check deposit # 1963,38.62,2026-02-13
safeway - deli,132.76,2026-02-09
albertsons - deli,101.67,2026-02-19
game purchase at hulu,59.62,2026-02-01
venmo payment 2487,342.8,2026-02-13
cable at spectrum,271.82,2026-02-10
payment to disney plus for movie tickets ref#8800,67.92,2026-02-15
home depot purchase shoes ref#7926,289.63,2026-02-03
pg&e - phone service ref#5399,242.33,2026-02-05
payment to rite aid for checkup,500.0,2026-03-02
transit pass at parking garage,75.73,2026-02-27
formula at target,150.0,2026-02-07
costco produce,169.23,2026-02-25
steam streaming service,73.96,2026-02-04
parking fee at taxi,23.71,2026-02-02
best buy - online order,144.72,2026-02-04
home goods at best buy,276.73,2026-02-12
kroger weekly shopping,52.1,2026-02-02
water company monthly service,109.79,2026-02-20
walmart - produce,228.14,2026-02-10
baby lotion at walmart,84.14,2026-02-07
bakery at safeway ref#9081,204.7,2026-02-22
lab work at urgent care,116.44,2026-02-20
whole foods purchase meat department,228.13,2026-03-01
pacifier at target,37.82,2026-02-22
chevron purchase fuel ref#3457,62.07,2026-02-19
walmart purchase stroller ref#8591,150.0,2026-02-27
deli at safeway,66.79,2026-02-19
wire transfer 6787,154.65,2026-02-03
medicine at dental office,108.85,2026-02-18
publix weekly shopping,58.15,2026-02-17
payment to amc theaters for movie tickets,58.38,2026-03-02
prescription pickup at urgent care,393.65,2026-02-20
furniture at ikea ref#8287,322.39,2026-02-27
steam streaming service ref#9616,64.2,2026-02-15
doordash - lunch ref#7699,59.53,2026-02-25
cash deposit 1766,302.16,2026-02-25
target pacifier,66.59,2026-02-21
amc theaters purchase concert tickets,58.68,2026-02-24
lyft purchase parking fee,42.35,2026-02-16
walmart purchase meat department,112.27,2026-02-18
albertsons deli,223.69,2026-02-14
parking garage - parking fee,45.94,2026-02-24
payment to whole foods for grocery ref#7360,212.03,2026-02-05
home goods at nike ref#1086,356.15,2026-02-28
taxi purchase fuel,59.57,2026-02-01
albertsons - bread milk eggs,250.0,2026-02-02
whole foods deli,109.72,2026-02-07
payment to olive garden for delivery,63.47,2026-02-10
dental office purchase checkup,152.12,2026-02-09
walmart weekly shopping,250.0,2026-02-08
starbucks - takeout,41.57,2026-02-23
deli at walmart,167.33,2026-02-10
check deposit # 7845,329.43,2026-02-21
payment to doordash for dinner,42.06,2026-02-23
ikea clothing,383.26,2026-02-15
amazon shoes ref#5990,191.95,2026-02-15
checkup at walgreens ref#2206,126.07,2026-02-22
weekly shopping at publix,117.86,2026-02-18
albertsons produce,132.79,2026-02-18
coffee at chipotle,46.58,2026-02-15
payment to costco for weekly shopping,141.03,2026-02-23
walmart onesie,58.3,2026-02-01
mcdonalds dinner,69.6,2026-02-17
clothing at best buy,142.62,2026-02-28
costco - weekly shopping ref#9080,119.73,2026-02-10
electronics at nike,400.0,2026-02-08
dinner at ubereats ref#2226,21.8,2026-02-05
cvs pharmacy - prescription pickup,125.93,2026-02-25
steam purchase game purchase,91.43,2026-02-09
payment to trader joes for meat department,89.25,2026-02-26
bakery at costco,67.51,2026-02-21
payment to bp for fuel,33.71,2026-02-20
payment to ubereats for takeout,23.35,2026-02-21
payment to kroger for meat department,250.0,2026-02-01
rite aid - medicine,292.28,2026-02-05
parking fee at metro ref#6093,16.93,2026-02-25
lyft purchase toll,93.16,2026-02-07
payment to target for home goods,110.75,2026-02-03
produce at whole foods,250.0,2026-02-10
olive garden - takeout ref#5599,34.25,2026-02-24
x-ray at rite aid,183.27,2026-02-14
hospital lab work,306.69,2026-02-24
kroger - deli,226.76,2026-02-18
dental office purchase checkup ref#9766,115.09,2026-02-15
pg&e monthly service,117.95,2026-02-11
olive garden - coffee ref#2571,53.88,2026-02-20
taxi - ride to,81.12,2026-02-26
nordstrom electronics,400.0,2026-02-24
buybuybaby purchase baby food,74.38,2026-02-25
zelle transfer 9972,76.35,2026-02-05
payment to amazon for online order,192.45,2026-02-17
payment to doordash for dinner ref#1839,67.32,2026-02-25
trader joes - produce,250.0,2026-03-01
whole foods purchase bread milk eggs,78.42,2026-02-19
hulu movie tickets,82.06,2026-02-04
amazon home goods,316.31,2026-02-13
whole foods weekly shopping,250.0,2026-02-22
disney plus movie tickets,50.66,2026-02-11
buybuybaby onesie,150.0,2026-02-04
subway delivery ref#5479,21.79,2026-02-11
costco bakery ref#1343,168.25,2026-02-07
payment to hospital for copay ref#5235,180.51,2026-02-06
verizon - phone service,229.36,2026-02-26
chipotle - delivery,43.93,2026-02-16
att - monthly service ref#8532,173.02,2026-02-08
payment to home depot for electronics ref#7320,136.32,2026-02-10
pizza hut - coffee,22.49,2026-02-13
chipotle takeout ref#7858,50.8,2026-02-16
consultation fee at dental office ref#5728,208.19,2026-02-03
payment to amc theaters for game purchase,114.0,2026-02-13
macys - online order,261.27,2026-02-28
parking garage gas,88.22,2026-02-28
shell - gas,24.91,2026-02-14
spectrum purchase bill payment ref#4449,130.04,2026-02-23
walmart bottles,85.2,2026-02-13
costco purchase bakery,140.59,2026-02-26
nordstrom home goods ref#3860,153.83,2026-02-11
walgreens x-ray,291.95,2026-02-01
gas at metro,35.64,2026-03-01
starbucks purchase coffee ref#1297,72.79,2026-02-24
fuel at uber,100.0,2026-02-05
dinner at chipotle,53.31,2026-02-10
whole foods purchase bakery,45.94,2026-02-25
payment to disney plus for movie tickets ref#3945,134.0,2026-02-19
dental office - consultation fee,263.65,2026-02-17
electronics at nordstrom,79.93,2026-03-01
doordash - lunch,35.88,2026-02-28
game purchase at netflix,95.33,2026-02-19
rite aid checkup,150.83,2026-02-08
payment to walmart for crib ref#4317,84.51,2026-02-07
costco - deli,130.03,2026-02-01
subway dinner,26.11,2026-02-28
verizon - phone service,135.18,2026-02-18
safeway purchase bakery ref#1056,196.71,2026-02-09
dr smith clinic purchase lab work,200.05,2026-02-09
olive garden - breakfast ref#3137,66.59,2026-02-05
shell purchase toll,84.03,2026-02-27
metro transit pass ref#9069,61.44,2026-02-20
payment to concert venue for monthly subscription ref#1979,42.59,2026-02-12
payment to whole foods for bakery,188.92,2026-02-17
ride to at chevron ref#3088,67.58,2026-02-11
game purchase at concert venue,93.06,2026-02-22
playstation purchase concert tickets,150.0,2026-02-23
home depot - furniture,290.96,2026-02-08
consultation fee at walgreens,189.85,2026-02-23
game purchase at amc theaters ref#4609,66.26,2026-02-03
payment to nike for clothing,145.97,2026-02-24
macys purchase furniture,70.73,2026-02-19
payment to urgent care for x-ray ref#4319,290.93,2026-03-02
macys shoes,366.33,2026-03-01
pg&e - internet,165.34,2026-02-28
payment to chipotle for takeout,80.0,2026-02-14
publix bakery,75.69,2026-02-19
comcast - monthly service,158.03,2026-02-21
payment to hospital for copay,193.84,2026-02-06
target - baby lotion ref#1371,116.0,2026-02-17
payment to albertsons for bakery,96.86,2026-02-26
concert tickets at netflix ref#5756,141.77,2026-02-10
steam concert tickets ref#9097,97.64,2026-02-17
netflix - streaming service,94.82,2026-03-01
onesie at babies r us ref#7487,46.71,2026-02-23
trader joes purchase weekly shopping ref#9040,77.8,2026-02-07
att - cable ref#9382,82.29,2026-02-06
costco weekly shopping,87.73,2026-03-02
medicine at cvs pharmacy,276.31,2026-02-07
walmart purchase pacifier,95.02,2026-02-22
amc theaters purchase game purchase,63.06,2026-02-27
meat department at trader joes,201.71,2026-02-22
deli at albertsons ref#4598,139.17,2026-02-12
shoes at nike,192.38,2026-02-13
movie tickets at hulu,45.49,2026-02-27
lunch at starbucks,62.96,2026-02-08
coffee at starbucks,80.0,2026-02-14
nordstrom - furniture ref#2227,267.4,2026-02-18
payment to whole foods for deli,228.01,2026-02-07
doordash dinner ref#3252,41.13,2026-02-23
ikea purchase furniture ref#7647,354.63,2026-02-08
costco - meat department ref#7291,250.0,2026-02-13
ubereats - coffee,24.24,2026-02-17
payment to target for furniture,154.91,2026-02-27
x-ray at dr smith clinic,312.46,2026-02-06
dinner at olive garden,25.41,2026-02-17
payment to publix for produce,89.96,2026-02-15
payment to parking garage for gas ref#3028,64.69,2026-02-26
payment to trader joes for meat department,114.81,2026-02-04
payment to trader joes for bread milk eggs ref#1646,109.57,2026-02-27
best buy purchase home goods,141.08,2026-02-15
whole foods weekly shopping ref#4803,114.84,2026-02-15
walmart - bakery,76.97,2026-02-02
cvs pharmacy - copay,500.0,2026-02-21
ubereats - breakfast,65.77,2026-02-19
trader joes - bakery,173.49,2026-02-13
mobile deposit 5797,437.24,2026-02-01
cvs pharmacy purchase prescription pickup,403.81,2026-02-02
albertsons - bread milk eggs,181.57,2026-02-26
bakery at publix,108.67,2026-02-27
whole foods purchase grocery ref#6646,250.0,2026-02-08
payment to walmart for crib,150.0,2026-02-22
bp - transit pass,66.1,2026-02-04
takeout at pizza hut,27.5,2026-02-21
disney plus monthly subscription,81.48,2026-02-24
walmart produce,250.0,2026-02-01
hospital consultation fee ref#8409,242.18,2026-02-24
kroger purchase deli,47.78,2026-02-11
dental office - x-ray,76.95,2026-02-18
dental office purchase x-ray,238.43,2026-02-09
formula at target ref#2554,143.11,2026-02-22
disney plus concert tickets ref#4362,102.45,2026-02-23
mobile deposit 2668,49.83,2026-02-04
whole foods purchase bakery,142.02,2026-02-14
cvs pharmacy - consultation fee ref#2285,440.34,2026-02-22
delivery at doordash,80.0,2026-02-08
payment to subway for takeout,44.76,2026-02-16
doordash - dinner ref#6743,39.01,2026-02-27
bread milk eggs at trader joes ref#8523,157.55,2026-02-19
delivery at chipotle ref#3079,36.28,2026-02-12
best buy purchase shoes,215.32,2026-02-17
hospital consultation fee,124.51,2026-02-06
bp purchase fuel,100.0,2026-02-14
buybuybaby - crib,43.47,2026-02-15
parking garage purchase fuel ref#1586,33.01,2026-02-19
ride to at metro,73.01,2026-02-06
prescription pickup at cvs pharmacy,484.84,2026-02-02
steam purchase streaming service,80.32,2026-02-17
meat department at trader joes,158.45,2026-02-20
dinner at chipotle ref#5157,20.72,2026-02-02
ubereats purchase coffee,20.67,2026-02-02
payment to hulu for monthly subscription,74.85,2026-02-16
parking garage ride to,100.0,2026-02-13
payment to disney plus for concert tickets,78.55,2026-02-22
movie tickets at netflix ref#9643,39.55,2026-02-05
taxi purchase gas ref#1344,100.0,2026-02-02
payment to ubereats for breakfast ref#6332,34.46,2026-02-01
subway purchase lunch,80.0,2026-02-15
payment to amazon for onesie,45.76,2026-02-09
payment to publix for bread milk eggs,108.07,2026-02-26
payment to disney plus for monthly subscription,150.0,2026-02-20
payment to nike for clothing,252.44,2026-02-21
payment to subway for breakfast ref#5281,46.54,2026-02-09
formula at amazon,44.56,2026-02-16
walmart - deli,79.45,2026-02-23
publix produce ref#2881,102.16,2026-02-03
payment to electric company for monthly service,300.0,2026-02-03
grocery at albertsons ref#1272,172.31,2026-02-18
online order at nike ref#5876,155.55,2026-02-14
steam - game purchase,78.61,2026-02-14
payment to buybuybaby for baby food ref#9221,54.23,2026-02-05
gas at lyft,65.39,2026-02-18
cash deposit 3196,312.76,2026-02-26
gas at bp,37.24,2026-02-09
urgent care purchase checkup,199.68,2026-02-02
fuel at chevron ref#8046,50.54,2026-02-17
mobile deposit 1275,157.86,2026-02-24
mobile deposit 9732,119.96,2026-02-07
payment to kroger for produce ref#3824,106.91,2026-02-23
bp purchase gas,80.62,2026-02-18
lyft - toll,34.85,2026-02-23
netflix game purchase,62.43,2026-03-02
hulu - movie tickets,94.02,2026-02-20
chipotle purchase dinner ref#5485,51.71,2026-02-15
payment to acme corp 8788,190.48,2026-02-14
payment to albertsons for bread milk eggs,133.83,2026-02-05
wire transfer 4200,132.47,2026-02-01
delivery at olive garden,80.0,2026-02-21
copay at cvs pharmacy,395.44,2026-03-01
lyft purchase toll,89.76,2026-02-03
ikea - clothing ref#8073,315.48,2026-02-01
uber - fuel,100.0,2026-02-08
lunch at doordash ref#7207,38.07,2026-02-18
payment to water company for phone service,232.0,2026-02-19
chipotle breakfast,35.64,2026-02-15
metro parking fee ref#6509,47.19,2026-02-13
water company bill payment ref#2612,249.93,2026-02-16
costco grocery,147.92,2026-02-24
payment to urgent care for copay,186.61,2026-02-10
payment to cvs pharmacy for checkup,500.0,2026-02-03
doordash coffee,42.39,2026-02-25
starbucks takeout ref#2090,30.84,2026-02-15
electronics at best buy,231.06,2026-02-16
kroger purchase weekly shopping,61.45,2026-02-02
payment to spectrum for phone service,146.85,2026-02-21
payment to whole foods for weekly shopping ref#3017,250.0,2026-02-03
coffee at pizza hut ref#1728,22.11,2026-02-06
spotify purchase game purchase,18.67,2026-02-25
hospital medicine,301.64,2026-03-02
starbucks - lunch,18.13,2026-02-22
trader joes purchase grocery ref#2219,82.31,2026-02-24
ubereats - breakfast ref#3492,40.44,2026-02-08
cash deposit 4976,18.96,2026-02-06
electric company monthly service ref#6365,85.72,2026-02-07
shell - parking fee ref#2290,74.8,2026-02-18
payment to pizza hut for delivery ref#6657,69.27,2026-02-23
bread milk eggs at albertsons,221.17,2026-02-04
electric company purchase bill payment,146.39,2026-02-20
lyft parking fee,59.68,2026-02-05
kroger purchase bread milk eggs ref#4290,166.79,2026-02-28
consultation fee at dr smith clinic,417.16,2026-02-28
payment to babies r us for pacifier,50.82,2026-02-17
payment to amazon for furniture,82.18,2026-03-02
safeway - bread milk eggs,128.79,2026-02-06
taxi purchase toll ref#3551,64.4,2026-02-07
babies r us purchase stroller,61.65,2026-02-07
ubereats purchase lunch,79.33,2026-02-18
taxi purchase transit pass,29.18,2026-02-10
payment to bp for gas,100.0,2026-02-09
fuel at uber,26.32,2026-02-22
transfer to john doe 6113,325.15,2026-02-12
nike purchase electronics,157.32,2026-02-04
parking garage - ride to ref#9355,100.0,2026-02-11
parking fee at parking garage ref#9385,84.64,2026-02-10
buybuybaby - stroller ref#5353,81.23,2026-02-20
concert tickets at netflix,28.24,2026-02-15
payment to nike for electronics,347.19,2026-02-19
payment to amc theaters for game purchase,24.62,2026-02-06
lab work at cvs pharmacy ref#1489,354.36,2026-02-02
payment to amazon for pacifier ref#4646,77.32,2026-02-25
starbucks - coffee,69.94,2026-02-12
taxi purchase fuel,51.55,2026-02-16
crib at amazon,119.17,2026-02-12
costco purchase meat department ref#5341,250.0,2026-02-02
lyft parking fee,33.38,2026-03-01
pizza hut lunch,24.28,2026-02-15
whole foods grocery ref#3805,88.0,2026-02-18
doordash - delivery,37.17,2026-02-12
urgent care purchase prescription pickup,268.29,2026-02-05
walmart deli,130.18,2026-02-16
cable at verizon,250.11,2026-02-19
